"year","catch","hooks","catch_per_hook"
2010,5000,20000,0.25
2011,5200,25000,0.208
2012,7100,23000,0.308695652173913
2013,4900,31000,0.158064516129032
2014,5150,19000,0.271052631578947
2015,4100,21000,0.195238095238095
2016,5700,21000,0.271428571428571
2017,3850,30000,0.128333333333333
2018,5500,18000,0.305555555555556
2019,4900,34000,0.144117647058824
